-- les 5 chaines hotelieres 
INSERT INTO ChaineHoteliere VALUES ('Marriott', 8, 'contact@marriott.com', '1-800-228-9290', '10400 Fernwood Rd, Bethesda, MD');
INSERT INTO ChaineHoteliere VALUES ('Hilton', 8, 'contact@hilton.com', '1-800-445-8667', '7930 Jones Branch Dr, McLean, VA');
INSERT INTO ChaineHoteliere VALUES ('Hyatt', 8, 'contact@hyatt.com', '1-800-233-1234', '150 N Riverside Plaza, Chicago, IL');
INSERT INTO ChaineHoteliere VALUES ('IHG', 8, 'contact@ihg.com', '1-800-465-4329', '3 Ravinia Dr, Atlanta, GA');
INSERT INTO ChaineHoteliere VALUES ('Wyndham', 8, 'contact@wyndham.com', '1-800-466-1589', '22 Sylvan Way, Parsippany, NJ');

-- Marriott hotels
INSERT INTO Hotel VALUES (1, 'Marriott', 5, 'montreal@marriott.com', '514-333-1111', '5 etoiles', 'Jean Dupont', 'Montreal');
INSERT INTO Hotel VALUES (2, 'Marriott', 5, 'quebec@marriott.com', '418-333-1111', '4 etoiles', 'Marie Tremblay', 'Quebec');
INSERT INTO Hotel VALUES (3, 'Marriott', 5, 'toronto@marriott.com', '416-333-1111', '3 etoiles', 'Paul Martin', 'Toronto');
INSERT INTO Hotel VALUES (4, 'Marriott', 5, 'ottawa@marriott.com', '613-333-1111', '5 etoiles', 'Sophie Bernard', 'Ottawa');
INSERT INTO Hotel VALUES (5, 'Marriott', 5, 'vancouver@marriott.com', '604-333-1111', '2 etoiles', 'Luc Gagnon', 'Vancouver');
INSERT INTO Hotel VALUES (6, 'Marriott', 5, 'calgary@marriott.com', '403-333-1111', '4 etoiles', 'Anna Roy', 'Calgary');
INSERT INTO Hotel VALUES (7, 'Marriott', 5, 'ottawa2@marriott.com', '613-333-2222', '3 etoiles', 'Marc Leblanc', 'Ottawa');
INSERT INTO Hotel VALUES (8, 'Marriott', 5, 'edmonton@marriott.com', '780-333-1111', '1 etoile', 'Julie Cote', 'Edmonton');

-- Hiltons Hotels 
INSERT INTO Hotel VALUES (9, 'Hilton', 5, 'montreal@hilton.com', '514-444-1111', '5 etoiles', 'Pierre Morin', 'Montreal');
INSERT INTO Hotel VALUES (10, 'Hilton', 5, 'quebec@hilton.com', '418-444-1111', '4 etoiles', 'Claire Fortin', 'Quebec');
INSERT INTO Hotel VALUES (11, 'Hilton', 5, 'toronto@hilton.com', '416-444-1111', '3 etoiles', 'Simon Bouchard', 'Toronto');
INSERT INTO Hotel VALUES (12, 'Hilton', 5, 'ottawa@hilton.com', '613-444-1111', '5 etoiles', 'Emma Lavoie', 'Ottawa');
INSERT INTO Hotel VALUES (13, 'Hilton', 5, 'vancouver@hilton.com', '604-444-1111', '2 etoiles', 'Thomas Gauthier', 'Vancouver');
INSERT INTO Hotel VALUES (14, 'Hilton', 5, 'calgary@hilton.com', '403-444-1111', '4 etoiles', 'Laura Belanger', 'Calgary');
INSERT INTO Hotel VALUES (15, 'Hilton', 5, 'ottawa2@hilton.com', '613-444-2222', '3 etoiles', 'Kevin Ouellet', 'Ottawa');
INSERT INTO Hotel VALUES (16, 'Hilton', 5, 'edmonton@hilton.com', '780-444-1111', '1 etoile', 'Nadia Pelletier', 'Edmonton');
 
-- Hyatt hôtels
INSERT INTO Hotel VALUES (17, 'Hyatt', 5, 'montreal@hyatt.com', '514-555-1111', '5 etoiles', 'Alexis Mercier', 'Montreal');
INSERT INTO Hotel VALUES (18, 'Hyatt', 5, 'quebec@hyatt.com', '418-555-1111', '4 etoiles', 'Stephanie Girard', 'Quebec');
INSERT INTO Hotel VALUES (19, 'Hyatt', 5, 'toronto@hyatt.com', '416-555-1111', '3 etoiles', 'David Lemieux', 'Toronto');
INSERT INTO Hotel VALUES (20, 'Hyatt', 5, 'ottawa@hyatt.com', '613-555-1111', '5 etoiles', 'Rachel Côté', 'Ottawa');
INSERT INTO Hotel VALUES (21, 'Hyatt', 5, 'vancouver@hyatt.com', '604-555-1111', '2 etoiles', 'Nicolas Breton', 'Vancouver');
INSERT INTO Hotel VALUES (22, 'Hyatt', 5, 'calgary@hyatt.com', '403-555-1111', '4 etoiles', 'Isabelle Poirier', 'Calgary');
INSERT INTO Hotel VALUES (23, 'Hyatt', 5, 'ottawa2@hyatt.com', '613-555-2222', '3 etoiles', 'Francois Lebrun', 'Ottawa');
INSERT INTO Hotel VALUES (24, 'Hyatt', 5, 'edmonton@hyatt.com', '780-555-1111', '1 etoile', 'Melissa Chartier', 'Edmonton');

-- IHG  hôtels
INSERT INTO Hotel VALUES (25, 'IHG', 5, 'montreal@ihg.com', '514-626-1111', '5 etoiles', 'Antoine Dube', 'Montreal');
INSERT INTO Hotel VALUES (26, 'IHG', 5, 'quebec@ihg.com', '418-896-1111', '4 etoiles', 'Camille Bergeron', 'Quebec');
INSERT INTO Hotel VALUES (27, 'IHG', 5, 'toronto@ihg.com', '416-636-1111', '3 etoiles', 'Samuel Paradis', 'Toronto');
INSERT INTO Hotel VALUES (28, 'IHG', 5, 'ottawa@ihg.com', '613-866-1111', '5 etoiles', 'Valerie Michaud', 'Ottawa');
INSERT INTO Hotel VALUES (29, 'IHG', 5, 'vancouver@ihg.com', '604-866-1111', '2 etoiles', 'Julien Nadeau', 'Vancouver');
INSERT INTO Hotel VALUES (30, 'IHG', 5, 'calgary@ihg.com', '403-676-1111', '4 etoiles', 'Amelie Desrosiers', 'Calgary');
INSERT INTO Hotel VALUES (31, 'IHG', 5, 'ottawa2@ihg.com', '613-666-2222', '3 etoiles', 'Charles Venne', 'Ottawa');
INSERT INTO Hotel VALUES (32, 'IHG', 5, 'edmonton@ihg.com', '780-665-1111', '1 etoile', 'Patricia Lacroix', 'Edmonton');

-- Wyndham hôtels
INSERT INTO Hotel VALUES (33, 'Wyndham', 5, 'montreal@wyndham.com', '514-777-1111', '5 etoiles', 'Bernard Lepage', 'Montreal');
INSERT INTO Hotel VALUES (34, 'Wyndham', 5, 'kanata@wyndham.com', '833-320-7075', '5 etoiles', 'Campeau Drive', 'Nepeon');
INSERT INTO Hotel VALUES (35, 'Wyndham', 5, 'toronto@wyndham.com', '416-777-1111', '3 etoiles', 'Mathieu Archambault', 'Toronto');
INSERT INTO Hotel VALUES (36, 'Wyndham', 5, 'ottawa@wyndham.com', '613-777-1111', '5 etoiles', 'Caroline Picard', 'Ottawa');
INSERT INTO Hotel VALUES (37, 'Wyndham', 5, 'vancouver@wyndham.com', '604-777-1111', '2 etoiles', 'Philippe Thibodeau', 'Vancouver');
INSERT INTO Hotel VALUES (38, 'Wyndham', 5, 'calgary@wyndham.com', '403-777-1111', '4 etoiles', 'Dominique Fournier', 'Calgary');
INSERT INTO Hotel VALUES (39, 'Wyndham', 5, 'ottawa2@wyndham.com', '613-777-2222', '3 etoiles', 'Vincent Rousseau', 'Ottawa');
INSERT INTO Hotel VALUES (40, 'Wyndham', 5, 'edmonton@wyndham.com', '780-777-1111', '1 etoile', 'Helene Couture', 'Edmonton');


-- Clients 
INSERT INTO Client VALUES (111, '2023-01-15', 'Alice', 'Martin', '123 Rue Principale, Montreal, QC');
INSERT INTO Client VALUES (222, '2023-03-20', 'Bob', 'Tremblay', '456 Avenue du Parc, Quebec, QC');
INSERT INTO Client VALUES (333, '2023-05-10', 'Charlie', 'Gagnon', '789 Boulevard Saint-Laurent, Toronto, ON');
INSERT INTO Client VALUES (444, '2023-07-08', 'Diana', 'Roy', '321 Rue Wellington, Ottawa, ON');
INSERT INTO Client VALUES (555, '2023-09-14', 'Eric', 'Bouchard', '654 Rue Sainte-Catherine, Montreal, QC');
INSERT INTO Client VALUES (766, '2023-11-02', 'Sophie', 'Leblanc', '987 Rue Laurier, Quebec, QC');
INSERT INTO Client VALUES (777, '2024-01-25', 'Marc', 'Cote', '147 King Street, Toronto, ON');
INSERT INTO Client VALUES (888, '2024-02-18', 'Julie', 'Fortin', '258 Elgin Street, Ottawa, ON');
INSERT INTO Client VALUES (999, '2024-04-30', 'Thomas', 'Bergeron', '369 Robson Street, Vancouver, BC');
INSERT INTO Client VALUES (789, '2024-06-12', 'Laura', 'Girard', '741 Centre Street, Calgary, AB');


-- Employes (Gestionnaires)
-- Marriott
INSERT INTO Employe VALUES (10001, 1, 'Jean', 'Dupont', '10 Rue Notre-Dame, Montreal, QC', 'Gestionnaire');
INSERT INTO Employe VALUES (10002, 2, 'Marie', 'Tremblay', '30 Rue Grande-Allee, Quebec, QC', 'Gestionnaire');
INSERT INTO Employe VALUES (10003, 3, 'Paul', 'Martin', '50 Yonge Street, Toronto, ON', 'Gestionnaire');
INSERT INTO Employe VALUES (10004, 4, 'Sophie', 'Bernard', '70 Rideau Street, Ottawa, ON', 'Gestionnaire');
INSERT INTO Employe VALUES (10005, 5, 'Luc', 'Gagnon', '90 Robson Street, Vancouver, BC', 'Gestionnaire');
INSERT INTO Employe VALUES (10006, 6, 'Anna', 'Roy', '110 Centre Street, Calgary, AB', 'Gestionnaire');
INSERT INTO Employe VALUES (10007, 7, 'Marc', 'Leblanc', '130 Bank Street, Ottawa, ON', 'Gestionnaire');
INSERT INTO Employe VALUES (10008, 8, 'Julie', 'Cote', '150 Jasper Avenue, Edmonton, AB', 'Gestionnaire');

-- Hilton
INSERT INTO Employe VALUES (10009, 9, 'Pierre', 'Morin', '170 Rue Peel, Montreal, QC', 'Gestionnaire');
INSERT INTO Employe VALUES (10010, 10, 'Claire', 'Fortin', '190 Rue Saint-Louis, Quebec, QC', 'Gestionnaire');
INSERT INTO Employe VALUES (10011, 11, 'Simon', 'Bouchard', '210 Bay Street, Toronto, ON', 'Gestionnaire');
INSERT INTO Employe VALUES (10012, 12, 'Emma', 'Lavoie', '230 Sussex Drive, Ottawa, ON', 'Gestionnaire');
INSERT INTO Employe VALUES (10013, 13, 'Thomas', 'Gauthier', '250 Burrard Street, Vancouver, BC', 'Gestionnaire');
INSERT INTO Employe VALUES (10014, 14, 'Laura', 'Belanger', '270 Macleod Trail, Calgary, AB', 'Gestionnaire');
INSERT INTO Employe VALUES (10015, 15, 'Kevin', 'Ouellet', '290 Laurier Avenue, Ottawa, ON', 'Gestionnaire');
INSERT INTO Employe VALUES (10016, 16, 'Nadia', 'Pelletier', '310 104th Street, Edmonton, AB', 'Gestionnaire');

-- Hyatt
INSERT INTO Employe VALUES (10017, 17, 'Alexis', 'Mercier', '330 Rue de la Montagne, Montreal, QC', 'Gestionnaire');
INSERT INTO Employe VALUES (10018, 18, 'Stephanie', 'Girard', '350 Rue d Auteuil, Quebec, QC', 'Gestionnaire');
INSERT INTO Employe VALUES (10019, 19, 'David', 'Lemieux', '370 Front Street, Toronto, ON', 'Gestionnaire');
INSERT INTO Employe VALUES (10020, 20, 'Rachel', 'Cote', '390 Confederation Boulevard, Ottawa, ON', 'Gestionnaire');
INSERT INTO Employe VALUES (10021, 21, 'Nicolas', 'Breton', '410 Canada Place, Vancouver, BC', 'Gestionnaire');
INSERT INTO Employe VALUES (10022, 22, 'Isabelle', 'Poirier', '430 Bow Valley Trail, Calgary, AB', 'Gestionnaire');
INSERT INTO Employe VALUES (10023, 23, 'Francois', 'Lebrun', '450 Rideau Canal, Ottawa, ON', 'Gestionnaire');
INSERT INTO Employe VALUES (10024, 24, 'Melissa', 'Chartier', '470 Stony Plain Road, Edmonton, AB', 'Gestionnaire');

-- IHG
INSERT INTO Employe VALUES (10025, 25, 'Antoine', 'Dube', '490 Rue McGill, Montreal, QC', 'Gestionnaire');
INSERT INTO Employe VALUES (10026, 26, 'Camille', 'Bergeron', '510 Rue Saint-Anne, Quebec, QC', 'Gestionnaire');
INSERT INTO Employe VALUES (10027, 27, 'Samuel', 'Paradis', '530 Spadina Avenue, Toronto, ON', 'Gestionnaire');
INSERT INTO Employe VALUES (10028, 28, 'Valerie', 'Michaud', '550 Metcalfe Street, Ottawa, ON', 'Gestionnaire');
INSERT INTO Employe VALUES (10029, 29, 'Julien', 'Nadeau', '570 Hastings Street, Vancouver, BC', 'Gestionnaire');
INSERT INTO Employe VALUES (10030, 30, 'Amelie', 'Desrosiers', '590 9th Avenue, Calgary, AB', 'Gestionnaire');
INSERT INTO Employe VALUES (10031, 31, 'Charles', 'Venne', '610 Carling Avenue, Ottawa, ON', 'Gestionnaire');
INSERT INTO Employe VALUES (10032, 32, 'Patricia', 'Lacroix', '630 118th Avenue, Edmonton, AB', 'Gestionnaire');

-- Wyndham
INSERT INTO Employe VALUES (10033, 33, 'Bernard', 'Lepage', '650 Rue Sherbrooke, Montreal, QC', 'Gestionnaire');
INSERT INTO Employe VALUES (10034, 34, 'Genevieve', 'Masse', '670 Campeau Drive, Nepean, ON', 'Gestionnaire');
INSERT INTO Employe VALUES (10035, 35, 'Mathieu', 'Archambault', '690 Bloor Street, Toronto, ON', 'Gestionnaire');
INSERT INTO Employe VALUES (10036, 36, 'Caroline', 'Picard', '710 Alta Vista Drive, Ottawa, ON', 'Gestionnaire');
INSERT INTO Employe VALUES (10037, 37, 'Philippe', 'Thibodeau', '730 Commercial Drive, Vancouver, BC', 'Gestionnaire');
INSERT INTO Employe VALUES (10038, 38, 'Dominique', 'Fournier', '750 Elbow Drive, Calgary, AB', 'Gestionnaire');
INSERT INTO Employe VALUES (10039, 39, 'Vincent', 'Rousseau', '770 St Laurent Boulevard, Ottawa, ON', 'Gestionnaire');
INSERT INTO Employe VALUES (10040, 40, 'Helene', 'Couture', '790 109th Street, Edmonton, AB', 'Gestionnaire');


-- Code des Chambres
-- Hotel 1 (Marriott Montreal)
INSERT INTO Chambre VALUES (101, 1, 150, 'TV, Climatisation', 1, 'mer', 'bon etat');
INSERT INTO Chambre VALUES (102, 1, 200, 'TV, Wifi', 2, 'montagne', 'bon etat');
INSERT INTO Chambre VALUES (103, 1, 250, 'TV, Climatisation, Wifi', 4, 'mer', 'bon etat');
INSERT INTO Chambre VALUES (104, 1, 300, 'TV, Jacuzzi', 2, 'montagne', 'bon etat');
INSERT INTO Chambre VALUES (105, 1, 100, 'TV', 1, 'aucune', 'bon etat');

-- Hotel 2 (Marriott Quebec)
INSERT INTO Chambre VALUES (201, 2, 160, 'TV, Climatisation', 1, 'mer', 'bon etat');
INSERT INTO Chambre VALUES (202, 2, 210, 'TV, Wifi', 2, 'montagne', 'bon etat');
INSERT INTO Chambre VALUES (203, 2, 260, 'TV, Climatisation, Wifi', 4, 'mer', 'bon etat');
INSERT INTO Chambre VALUES (204, 2, 310, 'TV, Jacuzzi', 2, 'montagne', 'bon etat');
INSERT INTO Chambre VALUES (205, 2, 110, 'TV', 1, 'aucune', 'bon etat');

-- Hotel 3 (Marriott Toronto)
INSERT INTO Chambre VALUES (301, 3, 170, 'TV, Climatisation', 1, 'ville', 'bon etat');
INSERT INTO Chambre VALUES (302, 3, 220, 'TV, Wifi', 2, 'montagne', 'bon etat');
INSERT INTO Chambre VALUES (303, 3, 270, 'TV, Climatisation, Wifi', 4, 'ville', 'bon etat');
INSERT INTO Chambre VALUES (304, 3, 320, 'TV, Jacuzzi', 2, 'montagne', 'bon etat');
INSERT INTO Chambre VALUES (305, 3, 120, 'TV', 1, 'aucune', 'bon etat');

-- Hotel 4 (Marriott Ottawa)
INSERT INTO Chambre VALUES (401, 4, 180, 'TV, Climatisation', 1, 'riviere', 'bon etat');
INSERT INTO Chambre VALUES (402, 4, 230, 'TV, Wifi', 2, 'montagne', 'bon etat');
INSERT INTO Chambre VALUES (403, 4, 280, 'TV, Climatisation, Wifi', 4, 'riviere', 'bon etat');
INSERT INTO Chambre VALUES (404, 4, 330, 'TV, Jacuzzi', 2, 'montagne', 'bon etat');
INSERT INTO Chambre VALUES (405, 4, 130, 'TV', 1, 'aucune', 'bon etat');

-- Hotel 5 (Marriott Vancouver)
INSERT INTO Chambre VALUES (501, 5, 190, 'TV, Climatisation', 1, 'mer', 'bon etat');
INSERT INTO Chambre VALUES (502, 5, 240, 'TV, Wifi', 2, 'montagne', 'bon etat');
INSERT INTO Chambre VALUES (503, 5, 290, 'TV, Climatisation, Wifi', 4, 'mer', 'bon etat');
INSERT INTO Chambre VALUES (504, 5, 340, 'TV, Jacuzzi', 2, 'montagne', 'bon etat');
INSERT INTO Chambre VALUES (505, 5, 140, 'TV', 1, 'aucune', 'bon etat');

-- Hotel 6 (Marriott Calgary)
INSERT INTO Chambre VALUES (601, 6, 155, 'TV, Climatisation', 1, 'montagne', 'bon etat');
INSERT INTO Chambre VALUES (602, 6, 205, 'TV, Wifi', 2, 'montagne', 'bon etat');
INSERT INTO Chambre VALUES (603, 6, 255, 'TV, Climatisation, Wifi', 4, 'montagne', 'bon etat');
INSERT INTO Chambre VALUES (604, 6, 305, 'TV, Jacuzzi', 2, 'aucune', 'bon etat');
INSERT INTO Chambre VALUES (605, 6, 105, 'TV', 1, 'aucune', 'bon etat');

-- Hotel 7 (Marriott Ottawa 2)
INSERT INTO Chambre VALUES (701, 7, 165, 'TV, Climatisation', 1, 'riviere', 'bon etat');
INSERT INTO Chambre VALUES (702, 7, 215, 'TV, Wifi', 2, 'riviere', 'bon etat');
INSERT INTO Chambre VALUES (703, 7, 265, 'TV, Climatisation, Wifi', 4, 'riviere', 'bon etat');
INSERT INTO Chambre VALUES (704, 7, 315, 'TV, Jacuzzi', 2, 'aucune', 'bon etat');
INSERT INTO Chambre VALUES (705, 7, 115, 'TV', 1, 'aucune', 'bon etat');

-- Hotel 8 (Marriott Edmonton)
INSERT INTO Chambre VALUES (801, 8, 175, 'TV, Climatisation', 1, 'ville', 'bon etat');
INSERT INTO Chambre VALUES (802, 8, 225, 'TV, Wifi', 2, 'ville', 'bon etat');
INSERT INTO Chambre VALUES (803, 8, 275, 'TV, Climatisation, Wifi', 4, 'ville', 'bon etat');
INSERT INTO Chambre VALUES (804, 8, 325, 'TV, Jacuzzi', 2, 'aucune', 'bon etat');
INSERT INTO Chambre VALUES (805, 8, 125, 'TV', 1, 'aucune', 'bon etat');

-- Hotel 9 (Hilton Montreal)
INSERT INTO Chambre VALUES (901, 9, 160, 'TV, Climatisation', 1, 'mer', 'bon etat');
INSERT INTO Chambre VALUES (902, 9, 210, 'TV, Wifi', 2, 'montagne', 'bon etat');
INSERT INTO Chambre VALUES (903, 9, 260, 'TV, Climatisation, Wifi', 4, 'mer', 'bon etat');
INSERT INTO Chambre VALUES (904, 9, 310, 'TV, Jacuzzi', 2, 'montagne', 'bon etat');
INSERT INTO Chambre VALUES (905, 9, 110, 'TV', 1, 'aucune', 'bon etat');

-- Hotel 10 (Hilton Quebec)
INSERT INTO Chambre VALUES (1001, 10, 170, 'TV, Climatisation', 1, 'mer', 'bon etat');
INSERT INTO Chambre VALUES (1002, 10, 220, 'TV, Wifi', 2, 'montagne', 'bon etat');
INSERT INTO Chambre VALUES (1003, 10, 270, 'TV, Climatisation, Wifi', 4, 'mer', 'bon etat');
INSERT INTO Chambre VALUES (1004, 10, 320, 'TV, Jacuzzi', 2, 'montagne', 'bon etat');
INSERT INTO Chambre VALUES (1005, 10, 120, 'TV', 1, 'aucune', 'bon etat');

-- Hotel 11 (Hilton Toronto)
INSERT INTO Chambre VALUES (1101, 11, 180, 'TV, Climatisation', 1, 'ville', 'bon etat');
INSERT INTO Chambre VALUES (1102, 11, 230, 'TV, Wifi', 2, 'ville', 'bon etat');
INSERT INTO Chambre VALUES (1103, 11, 280, 'TV, Climatisation, Wifi', 4, 'ville', 'bon etat');
INSERT INTO Chambre VALUES (1104, 11, 330, 'TV, Jacuzzi', 2, 'aucune', 'bon etat');
INSERT INTO Chambre VALUES (1105, 11, 130, 'TV', 1, 'aucune', 'bon etat');

-- Hotel 12 (Hilton Ottawa)
INSERT INTO Chambre VALUES (1201, 12, 190, 'TV, Climatisation', 1, 'riviere', 'bon etat');
INSERT INTO Chambre VALUES (1202, 12, 240, 'TV, Wifi', 2, 'riviere', 'bon etat');
INSERT INTO Chambre VALUES (1203, 12, 290, 'TV, Climatisation, Wifi', 4, 'riviere', 'bon etat');
INSERT INTO Chambre VALUES (1204, 12, 340, 'TV, Jacuzzi', 2, 'aucune', 'bon etat');
INSERT INTO Chambre VALUES (1205, 12, 140, 'TV', 1, 'aucune', 'bon etat');

-- Hotel 13 (Hilton Vancouver)
INSERT INTO Chambre VALUES (1301, 13, 200, 'TV, Climatisation', 1, 'mer', 'bon etat');
INSERT INTO Chambre VALUES (1302, 13, 250, 'TV, Wifi', 2, 'montagne', 'bon etat');
INSERT INTO Chambre VALUES (1303, 13, 300, 'TV, Climatisation, Wifi', 4, 'mer', 'bon etat');
INSERT INTO Chambre VALUES (1304, 13, 350, 'TV, Jacuzzi', 2, 'montagne', 'bon etat');
INSERT INTO Chambre VALUES (1305, 13, 150, 'TV', 1, 'aucune', 'bon etat');

-- Hotel 14 (Hilton Calgary)
INSERT INTO Chambre VALUES (1401, 14, 165, 'TV, Climatisation', 1, 'montagne', 'bon etat');
INSERT INTO Chambre VALUES (1402, 14, 215, 'TV, Wifi', 2, 'montagne', 'bon etat');
INSERT INTO Chambre VALUES (1403, 14, 265, 'TV, Climatisation, Wifi', 4, 'montagne', 'bon etat');
INSERT INTO Chambre VALUES (1404, 14, 315, 'TV, Jacuzzi', 2, 'aucune', 'bon etat');
INSERT INTO Chambre VALUES (1405, 14, 115, 'TV', 1, 'aucune', 'bon etat');

-- Hotel 15 (Hilton Ottawa 2)
INSERT INTO Chambre VALUES (1501, 15, 175, 'TV, Climatisation', 1, 'riviere', 'bon etat');
INSERT INTO Chambre VALUES (1502, 15, 225, 'TV, Wifi', 2, 'riviere', 'bon etat');
INSERT INTO Chambre VALUES (1503, 15, 275, 'TV, Climatisation, Wifi', 4, 'riviere', 'bon etat');
INSERT INTO Chambre VALUES (1504, 15, 325, 'TV, Jacuzzi', 2, 'aucune', 'bon etat');
INSERT INTO Chambre VALUES (1505, 15, 125, 'TV', 1, 'aucune', 'bon etat');

-- Hotel 16 (Hilton Edmonton)
INSERT INTO Chambre VALUES (1601, 16, 185, 'TV, Climatisation', 1, 'ville', 'bon etat');
INSERT INTO Chambre VALUES (1602, 16, 235, 'TV, Wifi', 2, 'ville', 'bon etat');
INSERT INTO Chambre VALUES (1603, 16, 285, 'TV, Climatisation, Wifi', 4, 'ville', 'bon etat');
INSERT INTO Chambre VALUES (1604, 16, 335, 'TV, Jacuzzi', 2, 'aucune', 'bon etat');
INSERT INTO Chambre VALUES (1605, 16, 135, 'TV', 1, 'aucune', 'bon etat');

-- Hotel 17 (Hyatt Montreal)
INSERT INTO Chambre VALUES (1701, 17, 195, 'TV, Climatisation', 1, 'mer', 'bon etat');
INSERT INTO Chambre VALUES (1702, 17, 245, 'TV, Wifi', 2, 'montagne', 'bon etat');
INSERT INTO Chambre VALUES (1703, 17, 295, 'TV, Climatisation, Wifi', 4, 'mer', 'bon etat');
INSERT INTO Chambre VALUES (1704, 17, 345, 'TV, Jacuzzi', 2, 'montagne', 'bon etat');
INSERT INTO Chambre VALUES (1705, 17, 145, 'TV', 1, 'aucune', 'bon etat');

-- Hotel 18 (Hyatt Quebec)
INSERT INTO Chambre VALUES (1801, 18, 155, 'TV, Climatisation', 1, 'mer', 'bon etat');
INSERT INTO Chambre VALUES (1802, 18, 205, 'TV, Wifi', 2, 'montagne', 'bon etat');
INSERT INTO Chambre VALUES (1803, 18, 255, 'TV, Climatisation, Wifi', 4, 'mer', 'bon etat');
INSERT INTO Chambre VALUES (1804, 18, 305, 'TV, Jacuzzi', 2, 'montagne', 'bon etat');
INSERT INTO Chambre VALUES (1805, 18, 105, 'TV', 1, 'aucune', 'bon etat');

-- Hotel 19 (Hyatt Toronto)
INSERT INTO Chambre VALUES (1901, 19, 165, 'TV, Climatisation', 1, 'ville', 'bon etat');
INSERT INTO Chambre VALUES (1902, 19, 215, 'TV, Wifi', 2, 'ville', 'bon etat');
INSERT INTO Chambre VALUES (1903, 19, 265, 'TV, Climatisation, Wifi', 4, 'ville', 'bon etat');
INSERT INTO Chambre VALUES (1904, 19, 315, 'TV, Jacuzzi', 2, 'aucune', 'bon etat');
INSERT INTO Chambre VALUES (1905, 19, 115, 'TV', 1, 'aucune', 'bon etat');

-- Hotel 20 (Hyatt Ottawa)
INSERT INTO Chambre VALUES (2001, 20, 175, 'TV, Climatisation', 1, 'riviere', 'bon etat');
INSERT INTO Chambre VALUES (2002, 20, 225, 'TV, Wifi', 2, 'riviere', 'bon etat');
INSERT INTO Chambre VALUES (2003, 20, 275, 'TV, Climatisation, Wifi', 4, 'riviere', 'bon etat');
INSERT INTO Chambre VALUES (2004, 20, 325, 'TV, Jacuzzi', 2, 'aucune', 'bon etat');
INSERT INTO Chambre VALUES (2005, 20, 125, 'TV', 1, 'aucune', 'bon etat');

-- Hotel 21 (Hyatt Vancouver)
INSERT INTO Chambre VALUES (2101, 21, 185, 'TV, Climatisation', 1, 'mer', 'bon etat');
INSERT INTO Chambre VALUES (2102, 21, 235, 'TV, Wifi', 2, 'montagne', 'bon etat');
INSERT INTO Chambre VALUES (2103, 21, 285, 'TV, Climatisation, Wifi', 4, 'mer', 'bon etat');
INSERT INTO Chambre VALUES (2104, 21, 335, 'TV, Jacuzzi', 2, 'montagne', 'bon etat');
INSERT INTO Chambre VALUES (2105, 21, 135, 'TV', 1, 'aucune', 'bon etat');

-- Hotel 22 (Hyatt Calgary)
INSERT INTO Chambre VALUES (2201, 22, 195, 'TV, Climatisation', 1, 'montagne', 'bon etat');
INSERT INTO Chambre VALUES (2202, 22, 245, 'TV, Wifi', 2, 'montagne', 'bon etat');
INSERT INTO Chambre VALUES (2203, 22, 295, 'TV, Climatisation, Wifi', 4, 'montagne', 'bon etat');
INSERT INTO Chambre VALUES (2204, 22, 345, 'TV, Jacuzzi', 2, 'aucune', 'bon etat');
INSERT INTO Chambre VALUES (2205, 22, 145, 'TV', 1, 'aucune', 'bon etat');

-- Hotel 23 (Hyatt Ottawa 2)
INSERT INTO Chambre VALUES (2301, 23, 155, 'TV, Climatisation', 1, 'riviere', 'bon etat');
INSERT INTO Chambre VALUES (2302, 23, 205, 'TV, Wifi', 2, 'riviere', 'bon etat');
INSERT INTO Chambre VALUES (2303, 23, 255, 'TV, Climatisation, Wifi', 4, 'riviere', 'bon etat');
INSERT INTO Chambre VALUES (2304, 23, 305, 'TV, Jacuzzi', 2, 'aucune', 'bon etat');
INSERT INTO Chambre VALUES (2305, 23, 105, 'TV', 1, 'aucune', 'bon etat');

-- Hotel 24 (Hyatt Edmonton)
INSERT INTO Chambre VALUES (2401, 24, 165, 'TV, Climatisation', 1, 'ville', 'bon etat');
INSERT INTO Chambre VALUES (2402, 24, 215, 'TV, Wifi', 2, 'ville', 'bon etat');
INSERT INTO Chambre VALUES (2403, 24, 265, 'TV, Climatisation, Wifi', 4, 'ville', 'bon etat');
INSERT INTO Chambre VALUES (2404, 24, 315, 'TV, Jacuzzi', 2, 'aucune', 'bon etat');
INSERT INTO Chambre VALUES (2405, 24, 115, 'TV', 1, 'aucune', 'bon etat');

-- Hotel 25 (IHG Montreal)
INSERT INTO Chambre VALUES (2501, 25, 175, 'TV, Climatisation', 1, 'mer', 'bon etat');
INSERT INTO Chambre VALUES (2502, 25, 225, 'TV, Wifi', 2, 'montagne', 'bon etat');
INSERT INTO Chambre VALUES (2503, 25, 275, 'TV, Climatisation, Wifi', 4, 'mer', 'bon etat');
INSERT INTO Chambre VALUES (2504, 25, 325, 'TV, Jacuzzi', 2, 'montagne', 'bon etat');
INSERT INTO Chambre VALUES (2505, 25, 125, 'TV', 1, 'aucune', 'bon etat');

-- Hotel 26 (IHG Quebec)
INSERT INTO Chambre VALUES (2601, 26, 185, 'TV, Climatisation', 1, 'mer', 'bon etat');
INSERT INTO Chambre VALUES (2602, 26, 235, 'TV, Wifi', 2, 'montagne', 'bon etat');
INSERT INTO Chambre VALUES (2603, 26, 285, 'TV, Climatisation, Wifi', 4, 'mer', 'bon etat');
INSERT INTO Chambre VALUES (2604, 26, 335, 'TV, Jacuzzi', 2, 'montagne', 'bon etat');
INSERT INTO Chambre VALUES (2605, 26, 135, 'TV', 1, 'aucune', 'bon etat');

-- Hotel 27 (IHG Toronto)
INSERT INTO Chambre VALUES (2701, 27, 195, 'TV, Climatisation', 1, 'ville', 'bon etat');
INSERT INTO Chambre VALUES (2702, 27, 245, 'TV, Wifi', 2, 'ville', 'bon etat');
INSERT INTO Chambre VALUES (2703, 27, 295, 'TV, Climatisation, Wifi', 4, 'ville', 'bon etat');
INSERT INTO Chambre VALUES (2704, 27, 345, 'TV, Jacuzzi', 2, 'aucune', 'bon etat');
INSERT INTO Chambre VALUES (2705, 27, 145, 'TV', 1, 'aucune', 'bon etat');

-- Hotel 28 (IHG Ottawa)
INSERT INTO Chambre VALUES (2801, 28, 155, 'TV, Climatisation', 1, 'riviere', 'bon etat');
INSERT INTO Chambre VALUES (2802, 28, 205, 'TV, Wifi', 2, 'riviere', 'bon etat');
INSERT INTO Chambre VALUES (2803, 28, 255, 'TV, Climatisation, Wifi', 4, 'riviere', 'bon etat');
INSERT INTO Chambre VALUES (2804, 28, 305, 'TV, Jacuzzi', 2, 'aucune', 'bon etat');
INSERT INTO Chambre VALUES (2805, 28, 105, 'TV', 1, 'aucune', 'bon etat');

-- Hotel 29 (IHG Vancouver)
INSERT INTO Chambre VALUES (2901, 29, 165, 'TV, Climatisation', 1, 'mer', 'bon etat');
INSERT INTO Chambre VALUES (2902, 29, 215, 'TV, Wifi', 2, 'montagne', 'bon etat');
INSERT INTO Chambre VALUES (2903, 29, 265, 'TV, Climatisation, Wifi', 4, 'mer', 'bon etat');
INSERT INTO Chambre VALUES (2904, 29, 315, 'TV, Jacuzzi', 2, 'montagne', 'bon etat');
INSERT INTO Chambre VALUES (2905, 29, 115, 'TV', 1, 'aucune', 'bon etat');

-- Hotel 30 (IHG Calgary)
INSERT INTO Chambre VALUES (3001, 30, 175, 'TV, Climatisation', 1, 'montagne', 'bon etat');
INSERT INTO Chambre VALUES (3002, 30, 225, 'TV, Wifi', 2, 'montagne', 'bon etat');
INSERT INTO Chambre VALUES (3003, 30, 275, 'TV, Climatisation, Wifi', 4, 'montagne', 'bon etat');
INSERT INTO Chambre VALUES (3004, 30, 325, 'TV, Jacuzzi', 2, 'aucune', 'bon etat');
INSERT INTO Chambre VALUES (3005, 30, 125, 'TV', 1, 'aucune', 'bon etat');

-- Hotel 31 (IHG Ottawa 2)
INSERT INTO Chambre VALUES (3101, 31, 185, 'TV, Climatisation', 1, 'riviere', 'bon etat');
INSERT INTO Chambre VALUES (3102, 31, 235, 'TV, Wifi', 2, 'riviere', 'bon etat');
INSERT INTO Chambre VALUES (3103, 31, 285, 'TV, Climatisation, Wifi', 4, 'riviere', 'bon etat');
INSERT INTO Chambre VALUES (3104, 31, 335, 'TV, Jacuzzi', 2, 'aucune', 'bon etat');
INSERT INTO Chambre VALUES (3105, 31, 135, 'TV', 1, 'aucune', 'bon etat');

-- Hotel 32 (IHG Edmonton)
INSERT INTO Chambre VALUES (3201, 32, 195, 'TV, Climatisation', 1, 'ville', 'bon etat');
INSERT INTO Chambre VALUES (3202, 32, 245, 'TV, Wifi', 2, 'ville', 'bon etat');
INSERT INTO Chambre VALUES (3203, 32, 295, 'TV, Climatisation, Wifi', 4, 'ville', 'bon etat');
INSERT INTO Chambre VALUES (3204, 32, 345, 'TV, Jacuzzi', 2, 'aucune', 'bon etat');
INSERT INTO Chambre VALUES (3205, 32, 145, 'TV', 1, 'aucune', 'bon etat');

-- Hotel 33 (Wyndham Montreal)
INSERT INTO Chambre VALUES (3301, 33, 155, 'TV, Climatisation', 1, 'mer', 'bon etat');
INSERT INTO Chambre VALUES (3302, 33, 205, 'TV, Wifi', 2, 'montagne', 'bon etat');
INSERT INTO Chambre VALUES (3303, 33, 255, 'TV, Climatisation, Wifi', 4, 'mer', 'bon etat');
INSERT INTO Chambre VALUES (3304, 33, 305, 'TV, Jacuzzi', 2, 'montagne', 'bon etat');
INSERT INTO Chambre VALUES (3305, 33, 105, 'TV', 1, 'aucune', 'bon etat');

-- Hotel 34 (Wyndham Nepean)
INSERT INTO Chambre VALUES (3401, 34, 165, 'TV, Climatisation', 1, 'riviere', 'bon etat');
INSERT INTO Chambre VALUES (3402, 34, 215, 'TV, Wifi', 2, 'riviere', 'bon etat');
INSERT INTO Chambre VALUES (3403, 34, 265, 'TV, Climatisation, Wifi', 4, 'riviere', 'bon etat');
INSERT INTO Chambre VALUES (3404, 34, 315, 'TV, Jacuzzi', 2, 'aucune', 'bon etat');
INSERT INTO Chambre VALUES (3405, 34, 115, 'TV', 1, 'aucune', 'bon etat');

-- Hotel 35 (Wyndham Toronto)
INSERT INTO Chambre VALUES (3501, 35, 175, 'TV, Climatisation', 1, 'ville', 'bon etat');
INSERT INTO Chambre VALUES (3502, 35, 225, 'TV, Wifi', 2, 'ville', 'bon etat');
INSERT INTO Chambre VALUES (3503, 35, 275, 'TV, Climatisation, Wifi', 4, 'ville', 'bon etat');
INSERT INTO Chambre VALUES (3504, 35, 325, 'TV, Jacuzzi', 2, 'aucune', 'bon etat');
INSERT INTO Chambre VALUES (3505, 35, 125, 'TV', 1, 'aucune', 'bon etat');

-- Hotel 36 (Wyndham Ottawa)
INSERT INTO Chambre VALUES (3601, 36, 185, 'TV, Climatisation', 1, 'riviere', 'bon etat');
INSERT INTO Chambre VALUES (3602, 36, 235, 'TV, Wifi', 2, 'riviere', 'bon etat');
INSERT INTO Chambre VALUES (3603, 36, 285, 'TV, Climatisation, Wifi', 4, 'riviere', 'bon etat');
INSERT INTO Chambre VALUES (3604, 36, 335, 'TV, Jacuzzi', 2, 'aucune', 'bon etat');
INSERT INTO Chambre VALUES (3605, 36, 135, 'TV', 1, 'aucune', 'bon etat');

-- Hotel 37 (Wyndham Vancouver)
INSERT INTO Chambre VALUES (3701, 37, 195, 'TV, Climatisation', 1, 'mer', 'bon etat');
INSERT INTO Chambre VALUES (3702, 37, 245, 'TV, Wifi', 2, 'montagne', 'bon etat');
INSERT INTO Chambre VALUES (3703, 37, 295, 'TV, Climatisation, Wifi', 4, 'mer', 'bon etat');
INSERT INTO Chambre VALUES (3704, 37, 345, 'TV, Jacuzzi', 2, 'montagne', 'bon etat');
INSERT INTO Chambre VALUES (3705, 37, 145, 'TV', 1, 'aucune', 'bon etat');

-- Hotel 38 (Wyndham Calgary)
INSERT INTO Chambre VALUES (3801, 38, 155, 'TV, Climatisation', 1, 'montagne', 'bon etat');
INSERT INTO Chambre VALUES (3802, 38, 205, 'TV, Wifi', 2, 'montagne', 'bon etat');
INSERT INTO Chambre VALUES (3803, 38, 255, 'TV, Climatisation, Wifi', 4, 'montagne', 'bon etat');
INSERT INTO Chambre VALUES (3804, 38, 325, 'TV, Jacuzzi', 2, 'aucune', 'bon etat');
INSERT INTO Chambre VALUES (3805, 38, 105, 'TV', 1, 'aucune', 'bon etat');

-- Hotel 39 (Wyndham Ottawa 2)
INSERT INTO Chambre VALUES (3901, 39, 165, 'TV, Climatisation', 1, 'riviere', 'bon etat');
INSERT INTO Chambre VALUES (3902, 39, 215, 'TV, Wifi', 2, 'riviere', 'bon etat');
INSERT INTO Chambre VALUES (3903, 39, 265, 'TV, Climatisation, Wifi', 4, 'riviere', 'bon etat');
INSERT INTO Chambre VALUES (3904, 39, 315, 'TV, Jacuzzi', 2, 'aucune', 'bon etat');
INSERT INTO Chambre VALUES (3905, 39, 115, 'TV', 1, 'aucune', 'bon etat');

-- Hotel 40 (Wyndham Edmonton)
INSERT INTO Chambre VALUES (4001, 40, 175, 'TV, Climatisation', 1, 'ville', 'bon etat');
INSERT INTO Chambre VALUES (4002, 40, 225, 'TV, Wifi', 2, 'ville', 'bon etat');
INSERT INTO Chambre VALUES (4003, 40, 275, 'TV, Climatisation, Wifi', 4, 'ville', 'bon etat');
INSERT INTO Chambre VALUES (4004, 40, 325, 'TV, Jacuzzi', 2, 'aucune', 'bon etat');
INSERT INTO Chambre VALUES (4005, 40, 125, 'TV', 1, 'aucune', 'bon etat');
